{
  "generation": 4,
  "aggressiveness": 0.5625628037908211,
  "learning_rate": 0.4674477595589112,
  "memory_encryption": true,
  "sandbox_hardening": true
}