{
  "generation": 3,
  "aggressiveness": 0.5625628037908211,
  "learning_rate": 0.4674477595589112,
  "memory_encryption": false,
  "sandbox_hardening": true
}