{
  "generation": 2,
  "aggressiveness": 0.7353915815720296,
  "learning_rate": 0.4674477595589112,
  "memory_encryption": true,
  "sandbox_hardening": false
}