{
  "generation": 0,
  "aggressiveness": 0.5652232732902787,
  "learning_rate": 0.4143489703394281,
  "memory_encryption": true,
  "sandbox_hardening": true
}