{
  "generation": 1,
  "aggressiveness": 0.7353915815720296,
  "learning_rate": 0.4143489703394281,
  "memory_encryption": false,
  "sandbox_hardening": false
}